filename	chromosome	block	minPOS	maxPOS
ukb23157_c1_b0_v1.vcf.gz	chr1	0	69026	1218357
ukb23157_c1_b1_v1.vcf.gz	chr1	1	1218358	1427453
ukb23157_c1_b2_v1.vcf.gz	chr1	2	1427454	1759002
ukb23157_c1_b3_v1.vcf.gz	chr1	3	1759003	2514253
ukb23157_c1_b4_v1.vcf.gz	chr1	4	2514254	3782565
ukb23157_c1_b5_v1.vcf.gz	chr1	5	3782566	6445564
ukb23157_c1_b6_v1.vcf.gz	chr1	6	6445565	8358096
ukb23157_c1_b7_v1.vcf.gz	chr1	7	8358097	10271405
ukb23157_c1_b8_v1.vcf.gz	chr1	8	10271406	11233299
ukb23157_c1_b9_v1.vcf.gz	chr1	9	11233300	12244146
ukb23157_c1_b10_v1.vcf.gz	chr1	10	12244147	13475747
ukb23157_c1_b11_v1.vcf.gz	chr1	11	13475748	15770322
ukb23157_c1_b12_v1.vcf.gz	chr1	12	15770323	16759796
ukb23157_c1_b13_v1.vcf.gz	chr1	13	16759797	17634452
ukb23157_c1_b14_v1.vcf.gz	chr1	14	17634453	19317501
ukb23157_c1_b15_v1.vcf.gz	chr1	15	19317502	20972901
ukb23157_c1_b16_v1.vcf.gz	chr1	16	20972902	22121112
ukb23157_c1_b17_v1.vcf.gz	chr1	17	22121113	23967563
ukb23157_c1_b18_v1.vcf.gz	chr1	18	23967564	25808925
ukb23157_c1_b19_v1.vcf.gz	chr1	19	25808926	26760764
ukb23157_c1_b20_v1.vcf.gz	chr1	20	26760765	27906828
ukb23157_c1_b21_v1.vcf.gz	chr1	21	27906829	30933111
ukb23157_c1_b22_v1.vcf.gz	chr1	22	30933112	32166004
ukb23157_c1_b23_v1.vcf.gz	chr1	23	32166005	33311955
ukb23157_c1_b24_v1.vcf.gz	chr1	24	33311956	35381158
ukb23157_c1_b25_v1.vcf.gz	chr1	25	35381159	36327623
ukb23157_c1_b26_v1.vcf.gz	chr1	26	36327624	38839456
ukb23157_c1_b27_v1.vcf.gz	chr1	27	38839457	39853871
ukb23157_c1_b28_v1.vcf.gz	chr1	28	39853872	41700826
ukb23157_c1_b29_v1.vcf.gz	chr1	29	41700827	43421982
ukb23157_c1_b30_v1.vcf.gz	chr1	30	43421983	44654457
ukb23157_c1_b31_v1.vcf.gz	chr1	31	44654458	45698909
ukb23157_c1_b32_v1.vcf.gz	chr1	32	45698910	47116560
ukb23157_c1_b33_v1.vcf.gz	chr1	33	47116561	51791477
ukb23157_c1_b34_v1.vcf.gz	chr1	34	51791478	53214558
ukb23157_c1_b35_v1.vcf.gz	chr1	35	53214559	54813713
ukb23157_c1_b36_v1.vcf.gz	chr1	36	54813714	59900866
ukb23157_c1_b37_v1.vcf.gz	chr1	37	59900867	63659491
ukb23157_c1_b38_v1.vcf.gz	chr1	38	63659492	67004241
ukb23157_c1_b39_v1.vcf.gz	chr1	39	67004242	74198140
ukb23157_c1_b40_v1.vcf.gz	chr1	40	74198141	77933181
ukb23157_c1_b41_v1.vcf.gz	chr1	41	77933182	85164428
ukb23157_c1_b42_v1.vcf.gz	chr1	42	85164429	89055018
ukb23157_c1_b43_v1.vcf.gz	chr1	43	89055019	92333291
ukb23157_c1_b44_v1.vcf.gz	chr1	44	92333292	94489624
ukb23157_c1_b45_v1.vcf.gz	chr1	45	94489625	100377458
ukb23157_c1_b46_v1.vcf.gz	chr1	46	100377459	108650114
ukb23157_c1_b47_v1.vcf.gz	chr1	47	108650115	109486406
ukb23157_c1_b48_v1.vcf.gz	chr1	48	109486407	110672967
ukb23157_c1_b49_v1.vcf.gz	chr1	49	110672968	112722134
ukb23157_c1_b50_v1.vcf.gz	chr1	50	112722135	114855374
ukb23157_c1_b51_v1.vcf.gz	chr1	51	114855375	117951876
ukb23157_c1_b52_v1.vcf.gz	chr1	52	117951877	144592881
ukb23157_c1_b53_v1.vcf.gz	chr1	53	144592882	147623741
ukb23157_c1_b54_v1.vcf.gz	chr1	54	147623742	150275641
ukb23157_c1_b55_v1.vcf.gz	chr1	55	150275642	151136342
ukb23157_c1_b56_v1.vcf.gz	chr1	56	151136343	151825837
ukb23157_c1_b57_v1.vcf.gz	chr1	57	151825838	152719423
ukb23157_c1_b58_v1.vcf.gz	chr1	58	152719424	153957961
ukb23157_c1_b59_v1.vcf.gz	chr1	59	153957962	154867849
ukb23157_c1_b60_v1.vcf.gz	chr1	60	154867850	155283873
ukb23157_c1_b61_v1.vcf.gz	chr1	61	155283874	156081447
ukb23157_c1_b62_v1.vcf.gz	chr1	62	156081448	156724047
ukb23157_c1_b63_v1.vcf.gz	chr1	63	156724048	157766695
ukb23157_c1_b64_v1.vcf.gz	chr1	64	157766696	159439660
ukb23157_c1_b65_v1.vcf.gz	chr1	65	159439661	160420310
ukb23157_c1_b66_v1.vcf.gz	chr1	66	160420311	161323515
ukb23157_c1_b67_v1.vcf.gz	chr1	67	161323516	165632142
ukb23157_c1_b68_v1.vcf.gz	chr1	68	165632143	168580956
ukb23157_c1_b69_v1.vcf.gz	chr1	69	168580957	171337259
ukb23157_c1_b70_v1.vcf.gz	chr1	70	171337260	173917120
ukb23157_c1_b71_v1.vcf.gz	chr1	71	173917121	178452316
ukb23157_c1_b72_v1.vcf.gz	chr1	72	178452317	180430081
ukb23157_c1_b73_v1.vcf.gz	chr1	73	180430082	183225513
ukb23157_c1_b74_v1.vcf.gz	chr1	74	183225514	186039628
ukb23157_c1_b75_v1.vcf.gz	chr1	75	186039629	193137999
ukb23157_c1_b76_v1.vcf.gz	chr1	76	193138000	198262474
ukb23157_c1_b77_v1.vcf.gz	chr1	77	198262475	201214078
ukb23157_c1_b78_v1.vcf.gz	chr1	78	201214079	202488434
ukb23157_c1_b79_v1.vcf.gz	chr1	79	202488435	204114220
ukb23157_c1_b80_v1.vcf.gz	chr1	80	204114221	205256100
ukb23157_c1_b81_v1.vcf.gz	chr1	81	205256101	206904919
ukb23157_c1_b82_v1.vcf.gz	chr1	82	206904920	209609735
ukb23157_c1_b83_v1.vcf.gz	chr1	83	209609736	212686691
ukb23157_c1_b84_v1.vcf.gz	chr1	84	212686692	216046338
ukb23157_c1_b85_v1.vcf.gz	chr1	85	216046339	222526869
ukb23157_c1_b86_v1.vcf.gz	chr1	86	222526870	224680857
ukb23157_c1_b87_v1.vcf.gz	chr1	87	224680858	226647067
ukb23157_c1_b88_v1.vcf.gz	chr1	88	226647068	228282917
ukb23157_c1_b89_v1.vcf.gz	chr1	89	228282918	229606019
ukb23157_c1_b90_v1.vcf.gz	chr1	90	229606020	231854897
ukb23157_c1_b91_v1.vcf.gz	chr1	91	231854898	235434107
ukb23157_c1_b92_v1.vcf.gz	chr1	92	235434108	236873676
ukb23157_c1_b93_v1.vcf.gz	chr1	93	236873677	241858405
ukb23157_c1_b94_v1.vcf.gz	chr1	94	241858406	246775962
ukb23157_c1_b95_v1.vcf.gz	chr1	95	246775963	248387508
ukb23157_c1_b96_v1.vcf.gz	chr1	96	248387509	248956422
ukb23157_c10_b0_v1.vcf.gz	chr10	0	46961	4963347
ukb23157_c10_b1_v1.vcf.gz	chr10	1	4963348	7197452
ukb23157_c10_b2_v1.vcf.gz	chr10	2	7197453	12186130
ukb23157_c10_b3_v1.vcf.gz	chr10	3	12186131	15071696
ukb23157_c10_b4_v1.vcf.gz	chr10	4	15071697	17603461
ukb23157_c10_b5_v1.vcf.gz	chr10	5	17603462	21756616
ukb23157_c10_b6_v1.vcf.gz	chr10	6	21756617	26286246
ukb23157_c10_b7_v1.vcf.gz	chr10	7	26286247	29526865
ukb23157_c10_b8_v1.vcf.gz	chr10	8	29526866	34696221
ukb23157_c10_b9_v1.vcf.gz	chr10	9	34696222	43567798
ukb23157_c10_b10_v1.vcf.gz	chr10	10	43567799	46385623
ukb23157_c10_b11_v1.vcf.gz	chr10	11	46385624	48945943
ukb23157_c10_b12_v1.vcf.gz	chr10	12	48945944	50624508
ukb23157_c10_b13_v1.vcf.gz	chr10	13	50624509	60181228
ukb23157_c10_b14_v1.vcf.gz	chr10	14	60181229	67990804
ukb23157_c10_b15_v1.vcf.gz	chr10	15	67990805	69266513
ukb23157_c10_b16_v1.vcf.gz	chr10	16	69266514	71287500
ukb23157_c10_b17_v1.vcf.gz	chr10	17	71287501	73148177
ukb23157_c10_b18_v1.vcf.gz	chr10	18	73148178	73998107
ukb23157_c10_b19_v1.vcf.gz	chr10	19	73998108	78550641
ukb23157_c10_b20_v1.vcf.gz	chr10	20	78550642	84254228
ukb23157_c10_b21_v1.vcf.gz	chr10	21	84254229	88673487
ukb23157_c10_b22_v1.vcf.gz	chr10	22	88673488	91959685
ukb23157_c10_b23_v1.vcf.gz	chr10	23	91959686	93796869
ukb23157_c10_b24_v1.vcf.gz	chr10	24	93796870	95869843
ukb23157_c10_b25_v1.vcf.gz	chr10	25	95869844	97381618
ukb23157_c10_b26_v1.vcf.gz	chr10	26	97381619	99406632
ukb23157_c10_b27_v1.vcf.gz	chr10	27	99406633	100747494
ukb23157_c10_b28_v1.vcf.gz	chr10	28	100747495	102114305
ukb23157_c10_b29_v1.vcf.gz	chr10	29	102114306	103091462
ukb23157_c10_b30_v1.vcf.gz	chr10	30	103091463	104192099
ukb23157_c10_b31_v1.vcf.gz	chr10	31	104192100	112152942
ukb23157_c10_b32_v1.vcf.gz	chr10	32	112152943	114231389
ukb23157_c10_b33_v1.vcf.gz	chr10	33	114231390	116906526
ukb23157_c10_b34_v1.vcf.gz	chr10	34	116906527	119925935
ukb23157_c10_b35_v1.vcf.gz	chr10	35	119925936	122832184
ukb23157_c10_b36_v1.vcf.gz	chr10	36	122832185	125775559
ukb23157_c10_b37_v1.vcf.gz	chr10	37	125775560	130166819
ukb23157_c10_b38_v1.vcf.gz	chr10	38	130166820	133087805
ukb23157_c10_b39_v1.vcf.gz	chr10	39	133087806	133797422
ukb23157_c11_b0_v1.vcf.gz	chr11	0	193009	556735
ukb23157_c11_b1_v1.vcf.gz	chr11	1	556736	823426
ukb23157_c11_b2_v1.vcf.gz	chr11	2	823427	1225580
ukb23157_c11_b3_v1.vcf.gz	chr11	3	1225581	1876345
ukb23157_c11_b4_v1.vcf.gz	chr11	4	1876346	3107165
ukb23157_c11_b5_v1.vcf.gz	chr11	5	3107166	5058550
ukb23157_c11_b6_v1.vcf.gz	chr11	6	5058551	6410530
ukb23157_c11_b7_v1.vcf.gz	chr11	7	6410531	7313295
ukb23157_c11_b8_v1.vcf.gz	chr11	8	7313296	9020947
ukb23157_c11_b9_v1.vcf.gz	chr11	9	9020948	10625866
ukb23157_c11_b10_v1.vcf.gz	chr11	10	10625867	14265423
ukb23157_c11_b11_v1.vcf.gz	chr11	11	14265424	17476531
ukb23157_c11_b12_v1.vcf.gz	chr11	12	17476532	18519418
ukb23157_c11_b13_v1.vcf.gz	chr11	13	18519419	22270214
ukb23157_c11_b14_v1.vcf.gz	chr11	14	22270215	31290548
ukb23157_c11_b15_v1.vcf.gz	chr11	15	31290549	34099203
ukb23157_c11_b16_v1.vcf.gz	chr11	16	34099204	43446404
ukb23157_c11_b17_v1.vcf.gz	chr11	17	43446405	46367551
ukb23157_c11_b18_v1.vcf.gz	chr11	18	46367552	47261141
ukb23157_c11_b19_v1.vcf.gz	chr11	19	47261142	48127680
ukb23157_c11_b20_v1.vcf.gz	chr11	20	48127681	56345938
ukb23157_c11_b21_v1.vcf.gz	chr11	21	56345939	57808069
ukb23157_c11_b22_v1.vcf.gz	chr11	22	57808070	60093863
ukb23157_c11_b23_v1.vcf.gz	chr11	23	60093864	61343241
ukb23157_c11_b24_v1.vcf.gz	chr11	24	61343242	62422120
ukb23157_c11_b25_v1.vcf.gz	chr11	25	62422121	62790524
ukb23157_c11_b26_v1.vcf.gz	chr11	26	62790525	63946365
ukb23157_c11_b27_v1.vcf.gz	chr11	27	63946366	64600634
ukb23157_c11_b28_v1.vcf.gz	chr11	28	64600635	64939562
ukb23157_c11_b29_v1.vcf.gz	chr11	29	64939563	65551029
ukb23157_c11_b30_v1.vcf.gz	chr11	30	65551030	65918809
ukb23157_c11_b31_v1.vcf.gz	chr11	31	65918810	66519519
ukb23157_c11_b32_v1.vcf.gz	chr11	32	66519520	67281358
ukb23157_c11_b33_v1.vcf.gz	chr11	33	67281359	67666807
ukb23157_c11_b34_v1.vcf.gz	chr11	34	67666808	69078381
ukb23157_c11_b35_v1.vcf.gz	chr11	35	69078382	72003787
ukb23157_c11_b36_v1.vcf.gz	chr11	36	72003788	73296384
ukb23157_c11_b37_v1.vcf.gz	chr11	37	73296385	74851888
ukb23157_c11_b38_v1.vcf.gz	chr11	38	74851889	77158177
ukb23157_c11_b39_v1.vcf.gz	chr11	39	77158178	78812021
ukb23157_c11_b40_v1.vcf.gz	chr11	40	78812022	86446218
ukb23157_c11_b41_v1.vcf.gz	chr11	41	86446219	92880630
ukb23157_c11_b42_v1.vcf.gz	chr11	42	92880631	95173156
ukb23157_c11_b43_v1.vcf.gz	chr11	43	95173157	102704436
ukb23157_c11_b44_v1.vcf.gz	chr11	44	102704437	106090461
ukb23157_c11_b45_v1.vcf.gz	chr11	45	106090462	108841214
ukb23157_c11_b46_v1.vcf.gz	chr11	46	108841215	112193379
ukb23157_c11_b47_v1.vcf.gz	chr11	47	112193380	116748382
ukb23157_c11_b48_v1.vcf.gz	chr11	48	116748383	117827896
ukb23157_c11_b49_v1.vcf.gz	chr11	49	117827897	118765111
ukb23157_c11_b50_v1.vcf.gz	chr11	50	118765112	119344216
ukb23157_c11_b51_v1.vcf.gz	chr11	51	119344217	122776122
ukb23157_c11_b52_v1.vcf.gz	chr11	52	122776123	124799770
ukb23157_c11_b53_v1.vcf.gz	chr11	53	124799771	126262019
ukb23157_c11_b54_v1.vcf.gz	chr11	54	126262020	130196238
ukb23157_c11_b55_v1.vcf.gz	chr11	55	130196239	134223763
ukb23157_c11_b56_v1.vcf.gz	chr11	56	134223764	135086622
ukb23157_c12_b0_v1.vcf.gz	chr12	0	66786	1830836
ukb23157_c12_b1_v1.vcf.gz	chr12	1	1830837	4372504
ukb23157_c12_b2_v1.vcf.gz	chr12	2	4372505	6388705
ukb23157_c12_b3_v1.vcf.gz	chr12	3	6388706	6852079
ukb23157_c12_b4_v1.vcf.gz	chr12	4	6852080	7695361
ukb23157_c12_b5_v1.vcf.gz	chr12	5	7695362	9154515
ukb23157_c12_b6_v1.vcf.gz	chr12	6	9154516	11061269
ukb23157_c12_b7_v1.vcf.gz	chr12	7	11061270	14613017
ukb23157_c12_b8_v1.vcf.gz	chr12	8	14613018	19359314
ukb23157_c12_b9_v1.vcf.gz	chr12	9	19359315	22484596
ukb23157_c12_b10_v1.vcf.gz	chr12	10	22484597	27081073
ukb23157_c12_b11_v1.vcf.gz	chr12	11	27081074	31116257
ukb23157_c12_b12_v1.vcf.gz	chr12	12	31116258	39340805
ukb23157_c12_b13_v1.vcf.gz	chr12	13	39340806	40547672
ukb23157_c12_b14_v1.vcf.gz	chr12	14	40547673	45439574
ukb23157_c12_b15_v1.vcf.gz	chr12	15	45439575	48088700
ukb23157_c12_b16_v1.vcf.gz	chr12	16	48088701	49047864
ukb23157_c12_b17_v1.vcf.gz	chr12	17	49047865	49954058
ukb23157_c12_b18_v1.vcf.gz	chr12	18	49954059	51242231
ukb23157_c12_b19_v1.vcf.gz	chr12	19	51242232	52362755
ukb23157_c12_b20_v1.vcf.gz	chr12	20	52362756	52950236
ukb23157_c12_b21_v1.vcf.gz	chr12	21	52950237	53484955
ukb23157_c12_b22_v1.vcf.gz	chr12	22	53484956	55331603
ukb23157_c12_b23_v1.vcf.gz	chr12	23	55331604	56136644
ukb23157_c12_b24_v1.vcf.gz	chr12	24	56136645	56630678
ukb23157_c12_b25_v1.vcf.gz	chr12	25	56630679	57236497
ukb23157_c12_b26_v1.vcf.gz	chr12	26	57236498	57755431
ukb23157_c12_b27_v1.vcf.gz	chr12	27	57755432	64422908
ukb23157_c12_b28_v1.vcf.gz	chr12	28	64422909	68725626
ukb23157_c12_b29_v1.vcf.gz	chr12	29	68725627	71662917
ukb23157_c12_b30_v1.vcf.gz	chr12	30	71662918	78176338
ukb23157_c12_b31_v1.vcf.gz	chr12	31	78176339	83050807
ukb23157_c12_b32_v1.vcf.gz	chr12	32	83050808	92145290
ukb23157_c12_b33_v1.vcf.gz	chr12	33	92145291	96000891
ukb23157_c12_b34_v1.vcf.gz	chr12	34	96000892	100205578
ukb23157_c12_b35_v1.vcf.gz	chr12	35	100205579	102118262
ukb23157_c12_b36_v1.vcf.gz	chr12	36	102118263	105114116
ukb23157_c12_b37_v1.vcf.gz	chr12	37	105114117	108532128
ukb23157_c12_b38_v1.vcf.gz	chr12	38	108532129	109529791
ukb23157_c12_b39_v1.vcf.gz	chr12	39	109529792	110879810
ukb23157_c12_b40_v1.vcf.gz	chr12	40	110879811	112258395
ukb23157_c12_b41_v1.vcf.gz	chr12	41	112258396	113467155
ukb23157_c12_b42_v1.vcf.gz	chr12	42	113467156	118060936
ukb23157_c12_b43_v1.vcf.gz	chr12	43	118060937	120223617
ukb23157_c12_b44_v1.vcf.gz	chr12	44	120223618	121580691
ukb23157_c12_b45_v1.vcf.gz	chr12	45	121580692	122520409
ukb23157_c12_b46_v1.vcf.gz	chr12	46	122520410	123309209
ukb23157_c12_b47_v1.vcf.gz	chr12	47	123309210	124326092
ukb23157_c12_b48_v1.vcf.gz	chr12	48	124326093	130414025
ukb23157_c12_b49_v1.vcf.gz	chr12	49	130414026	132150881
ukb23157_c12_b50_v1.vcf.gz	chr12	50	132150882	132848540
ukb23157_c12_b51_v1.vcf.gz	chr12	51	132848541	133275309
ukb23157_c13_b0_v1.vcf.gz	chr13	0	19173764	21539208
ukb23157_c13_b1_v1.vcf.gz	chr13	1	21539209	25169458
ukb23157_c13_b2_v1.vcf.gz	chr13	2	25169459	28396859
ukb23157_c13_b3_v1.vcf.gz	chr13	3	28396860	32330828
ukb23157_c13_b4_v1.vcf.gz	chr13	4	32330829	36283370
ukb23157_c13_b5_v1.vcf.gz	chr13	5	36283371	40981883
ukb23157_c13_b6_v1.vcf.gz	chr13	6	40981884	44979090
ukb23157_c13_b7_v1.vcf.gz	chr13	7	44979091	48307180
ukb23157_c13_b8_v1.vcf.gz	chr13	8	48307181	51797725
ukb23157_c13_b9_v1.vcf.gz	chr13	9	51797726	71479077
ukb23157_c13_b10_v1.vcf.gz	chr13	10	71479078	77233055
ukb23157_c13_b11_v1.vcf.gz	chr13	11	77233056	95589705
ukb23157_c13_b12_v1.vcf.gz	chr13	12	95589706	99313998
ukb23157_c13_b13_v1.vcf.gz	chr13	13	99313999	102758309
ukb23157_c13_b14_v1.vcf.gz	chr13	14	102758310	110634453
ukb23157_c13_b15_v1.vcf.gz	chr13	15	110634454	113122756
ukb23157_c13_b16_v1.vcf.gz	chr13	16	113122757	114056355
ukb23157_c13_b17_v1.vcf.gz	chr13	17	114056356	114364328
ukb23157_c14_b0_v1.vcf.gz	chr14	0	18601019	20699254
ukb23157_c14_b1_v1.vcf.gz	chr14	1	20699255	21664985
ukb23157_c14_b2_v1.vcf.gz	chr14	2	21664986	23323277
ukb23157_c14_b3_v1.vcf.gz	chr14	3	23323278	24063019
ukb23157_c14_b4_v1.vcf.gz	chr14	4	24063020	24318315
ukb23157_c14_b5_v1.vcf.gz	chr14	5	24318316	31113777
ukb23157_c14_b6_v1.vcf.gz	chr14	6	31113778	35534154
ukb23157_c14_b7_v1.vcf.gz	chr14	7	35534155	39345803
ukb23157_c14_b8_v1.vcf.gz	chr14	8	39345804	49828201
ukb23157_c14_b9_v1.vcf.gz	chr14	9	49828202	51000589
ukb23157_c14_b10_v1.vcf.gz	chr14	10	51000590	54988929
ukb23157_c14_b11_v1.vcf.gz	chr14	11	54988930	58407227
ukb23157_c14_b12_v1.vcf.gz	chr14	12	58407228	61449066
ukb23157_c14_b13_v1.vcf.gz	chr14	13	61449067	64444594
ukb23157_c14_b14_v1.vcf.gz	chr14	14	64444595	67557171
ukb23157_c14_b15_v1.vcf.gz	chr14	15	67557172	69658492
ukb23157_c14_b16_v1.vcf.gz	chr14	16	69658493	73071541
ukb23157_c14_b17_v1.vcf.gz	chr14	17	73071542	74292189
ukb23157_c14_b18_v1.vcf.gz	chr14	18	74292190	75633532
ukb23157_c14_b19_v1.vcf.gz	chr14	19	75633533	77458096
ukb23157_c14_b20_v1.vcf.gz	chr14	20	77458097	88187866
ukb23157_c14_b21_v1.vcf.gz	chr14	21	88187867	90923013
ukb23157_c14_b22_v1.vcf.gz	chr14	22	90923014	92810159
ukb23157_c14_b23_v1.vcf.gz	chr14	23	92810160	94561616
ukb23157_c14_b24_v1.vcf.gz	chr14	24	94561617	99404124
ukb23157_c14_b25_v1.vcf.gz	chr14	25	99404125	102018352
ukb23157_c14_b26_v1.vcf.gz	chr14	26	102018353	103103840
ukb23157_c14_b27_v1.vcf.gz	chr14	27	103103841	104178450
ukb23157_c14_b28_v1.vcf.gz	chr14	28	104178451	104999123
ukb23157_c14_b29_v1.vcf.gz	chr14	29	104999124	107043718
ukb23157_c15_b0_v1.vcf.gz	chr15	0	20534170	26625332
ukb23157_c15_b1_v1.vcf.gz	chr15	1	26625333	29766167
ukb23157_c15_b2_v1.vcf.gz	chr15	2	29766168	32597353
ukb23157_c15_b3_v1.vcf.gz	chr15	3	32597354	34345772
ukb23157_c15_b4_v1.vcf.gz	chr15	4	34345773	40030258
ukb23157_c15_b5_v1.vcf.gz	chr15	5	40030259	40773628
ukb23157_c15_b6_v1.vcf.gz	chr15	6	40773629	41742448
ukb23157_c15_b7_v1.vcf.gz	chr15	7	41742449	42160674
ukb23157_c15_b8_v1.vcf.gz	chr15	8	42160675	42783319
ukb23157_c15_b9_v1.vcf.gz	chr15	9	42783320	43611860
ukb23157_c15_b10_v1.vcf.gz	chr15	10	43611861	45107246
ukb23157_c15_b11_v1.vcf.gz	chr15	11	45107247	48472454
ukb23157_c15_b12_v1.vcf.gz	chr15	12	48472455	50614024
ukb23157_c15_b13_v1.vcf.gz	chr15	13	50614025	52343020
ukb23157_c15_b14_v1.vcf.gz	chr15	14	52343021	56142677
ukb23157_c15_b15_v1.vcf.gz	chr15	15	56142678	59105168
ukb23157_c15_b16_v1.vcf.gz	chr15	16	59105169	62647210
ukb23157_c15_b17_v1.vcf.gz	chr15	17	62647211	64071272
ukb23157_c15_b18_v1.vcf.gz	chr15	18	64071273	65374996
ukb23157_c15_b19_v1.vcf.gz	chr15	19	65374997	66711569
ukb23157_c15_b20_v1.vcf.gz	chr15	20	66711570	69447698
ukb23157_c15_b21_v1.vcf.gz	chr15	21	69447699	72580630
ukb23157_c15_b22_v1.vcf.gz	chr15	22	72580631	74266582
ukb23157_c15_b23_v1.vcf.gz	chr15	23	74266583	75355805
ukb23157_c15_b24_v1.vcf.gz	chr15	24	75355806	77239696
ukb23157_c15_b25_v1.vcf.gz	chr15	25	77239697	78767279
ukb23157_c15_b26_v1.vcf.gz	chr15	26	78767280	81337751
ukb23157_c15_b27_v1.vcf.gz	chr15	27	81337752	83655661
ukb23157_c15_b28_v1.vcf.gz	chr15	28	83655662	86266279
ukb23157_c15_b29_v1.vcf.gz	chr15	29	86266280	89621295
ukb23157_c15_b30_v1.vcf.gz	chr15	30	89621296	90539939
ukb23157_c15_b31_v1.vcf.gz	chr15	31	90539940	92978138
ukb23157_c15_b32_v1.vcf.gz	chr15	32	92978139	100648222
ukb23157_c15_b33_v1.vcf.gz	chr15	33	100648223	101991189
ukb23157_c16_b0_v1.vcf.gz	chr16	0	47330	474749
ukb23157_c16_b1_v1.vcf.gz	chr16	1	474750	716837
ukb23157_c16_b2_v1.vcf.gz	chr16	2	716838	1216831
ukb23157_c16_b3_v1.vcf.gz	chr16	3	1216832	1502544
ukb23157_c16_b4_v1.vcf.gz	chr16	4	1502545	1945735
ukb23157_c16_b5_v1.vcf.gz	chr16	5	1945736	2108153
ukb23157_c16_b6_v1.vcf.gz	chr16	6	2108154	2429382
ukb23157_c16_b7_v1.vcf.gz	chr16	7	2429383	3015262
ukb23157_c16_b8_v1.vcf.gz	chr16	8	3015263	3582243
ukb23157_c16_b9_v1.vcf.gz	chr16	9	3582244	4578840
ukb23157_c16_b10_v1.vcf.gz	chr16	10	4578841	4990666
ukb23157_c16_b11_v1.vcf.gz	chr16	11	4990667	8936482
ukb23157_c16_b12_v1.vcf.gz	chr16	12	8936483	11768939
ukb23157_c16_b13_v1.vcf.gz	chr16	13	11768940	15017021
ukb23157_c16_b14_v1.vcf.gz	chr16	14	15017022	16212095
ukb23157_c16_b15_v1.vcf.gz	chr16	15	16212096	19578952
ukb23157_c16_b16_v1.vcf.gz	chr16	16	19578953	21003008
ukb23157_c16_b17_v1.vcf.gz	chr16	17	21003009	22814511
ukb23157_c16_b18_v1.vcf.gz	chr16	18	22814512	24778225
ukb23157_c16_b19_v1.vcf.gz	chr16	19	24778226	28132233
ukb23157_c16_b20_v1.vcf.gz	chr16	20	28132234	28984104
ukb23157_c16_b21_v1.vcf.gz	chr16	21	28984105	30083293
ukb23157_c16_b22_v1.vcf.gz	chr16	22	30083294	30741645
ukb23157_c16_b23_v1.vcf.gz	chr16	23	30741646	31218994
ukb23157_c16_b24_v1.vcf.gz	chr16	24	31218995	46900581
ukb23157_c16_b25_v1.vcf.gz	chr16	25	46900582	50292580
ukb23157_c16_b26_v1.vcf.gz	chr16	26	50292581	54283697
ukb23157_c16_b27_v1.vcf.gz	chr16	27	54283698	56877977
ukb23157_c16_b28_v1.vcf.gz	chr16	28	56877978	57637171
ukb23157_c16_b29_v1.vcf.gz	chr16	29	57637172	58267380
ukb23157_c16_b30_v1.vcf.gz	chr16	30	58267381	66810599
ukb23157_c16_b31_v1.vcf.gz	chr16	31	66810600	67284174
ukb23157_c16_b32_v1.vcf.gz	chr16	32	67284175	67883438
ukb23157_c16_b33_v1.vcf.gz	chr16	33	67883439	68813223
ukb23157_c16_b34_v1.vcf.gz	chr16	34	68813224	70253167
ukb23157_c16_b35_v1.vcf.gz	chr16	35	70253168	70952325
ukb23157_c16_b36_v1.vcf.gz	chr16	36	70952326	72059015
ukb23157_c16_b37_v1.vcf.gz	chr16	37	72059016	74892384
ukb23157_c16_b38_v1.vcf.gz	chr16	38	74892385	77212477
ukb23157_c16_b39_v1.vcf.gz	chr16	39	77212478	81208391
ukb23157_c16_b40_v1.vcf.gz	chr16	40	81208392	84036601
ukb23157_c16_b41_v1.vcf.gz	chr16	41	84036602	84976242
ukb23157_c16_b42_v1.vcf.gz	chr16	42	84976243	87696480
ukb23157_c16_b43_v1.vcf.gz	chr16	43	87696481	88715504
ukb23157_c16_b44_v1.vcf.gz	chr16	44	88715505	89221992
ukb23157_c16_b45_v1.vcf.gz	chr16	45	89221993	89740708
ukb23157_c16_b46_v1.vcf.gz	chr16	46	89740709	90338345
ukb23157_c17_b0_v1.vcf.gz	chr17	0	156120	1576496
ukb23157_c17_b1_v1.vcf.gz	chr17	1	1576497	2302913
ukb23157_c17_b2_v1.vcf.gz	chr17	2	2302914	3572024
ukb23157_c17_b3_v1.vcf.gz	chr17	3	3572025	4109553
ukb23157_c17_b4_v1.vcf.gz	chr17	4	4109554	4818984
ukb23157_c17_b5_v1.vcf.gz	chr17	5	4818985	5386106
ukb23157_c17_b6_v1.vcf.gz	chr17	6	5386107	7036285
ukb23157_c17_b7_v1.vcf.gz	chr17	7	7036286	7412063
ukb23157_c17_b8_v1.vcf.gz	chr17	8	7412064	7786027
ukb23157_c17_b9_v1.vcf.gz	chr17	9	7786028	8146271
ukb23157_c17_b10_v1.vcf.gz	chr17	10	8146272	9250479
ukb23157_c17_b11_v1.vcf.gz	chr17	11	9250480	10632375
ukb23157_c17_b12_v1.vcf.gz	chr17	12	10632376	14301419
ukb23157_c17_b13_v1.vcf.gz	chr17	13	14301420	16948649
ukb23157_c17_b14_v1.vcf.gz	chr17	14	16948650	18141979
ukb23157_c17_b15_v1.vcf.gz	chr17	15	18141980	18979458
ukb23157_c17_b16_v1.vcf.gz	chr17	16	18979459	21188613
ukb23157_c17_b17_v1.vcf.gz	chr17	17	21188614	28579049
ukb23157_c17_b18_v1.vcf.gz	chr17	18	28579050	29092242
ukb23157_c17_b19_v1.vcf.gz	chr17	19	29092243	30522155
ukb23157_c17_b20_v1.vcf.gz	chr17	20	30522156	32361368
ukb23157_c17_b21_v1.vcf.gz	chr17	21	32361369	35487625
ukb23157_c17_b22_v1.vcf.gz	chr17	22	35487626	36942653
ukb23157_c17_b23_v1.vcf.gz	chr17	23	36942654	38705533
ukb23157_c17_b24_v1.vcf.gz	chr17	24	38705534	39672709
ukb23157_c17_b25_v1.vcf.gz	chr17	25	39672710	40392485
ukb23157_c17_b26_v1.vcf.gz	chr17	26	40392486	41301726
ukb23157_c17_b27_v1.vcf.gz	chr17	27	41301727	41869374
ukb23157_c17_b28_v1.vcf.gz	chr17	28	41869375	42567024
ukb23157_c17_b29_v1.vcf.gz	chr17	29	42567025	43074231
ukb23157_c17_b30_v1.vcf.gz	chr17	30	43074232	44210025
ukb23157_c17_b31_v1.vcf.gz	chr17	31	44210026	44928725
ukb23157_c17_b32_v1.vcf.gz	chr17	32	44928726	46728762
ukb23157_c17_b33_v1.vcf.gz	chr17	33	46728763	48043434
ukb23157_c17_b34_v1.vcf.gz	chr17	34	48043435	49717413
ukb23157_c17_b35_v1.vcf.gz	chr17	35	49717414	50547108
ukb23157_c17_b36_v1.vcf.gz	chr17	36	50547109	55159698
ukb23157_c17_b37_v1.vcf.gz	chr17	37	55159699	58309866
ukb23157_c17_b38_v1.vcf.gz	chr17	38	58309867	59860221
ukb23157_c17_b39_v1.vcf.gz	chr17	39	59860222	62029440
ukb23157_c17_b40_v1.vcf.gz	chr17	40	62029441	63786952
ukb23157_c17_b41_v1.vcf.gz	chr17	41	63786953	64534486
ukb23157_c17_b42_v1.vcf.gz	chr17	42	64534487	67826163
ukb23157_c17_b43_v1.vcf.gz	chr17	43	67826164	69182054
ukb23157_c17_b44_v1.vcf.gz	chr17	44	69182055	74344127
ukb23157_c17_b45_v1.vcf.gz	chr17	45	74344128	75020822
ukb23157_c17_b46_v1.vcf.gz	chr17	46	75020823	75666331
ukb23157_c17_b47_v1.vcf.gz	chr17	47	75666332	76039605
ukb23157_c17_b48_v1.vcf.gz	chr17	48	76039606	76736061
ukb23157_c17_b49_v1.vcf.gz	chr17	49	76736062	78428424
ukb23157_c17_b50_v1.vcf.gz	chr17	50	78428425	79781599
ukb23157_c17_b51_v1.vcf.gz	chr17	51	79781600	80363511
ukb23157_c17_b52_v1.vcf.gz	chr17	52	80363512	81252097
ukb23157_c17_b53_v1.vcf.gz	chr17	53	81252098	81915341
ukb23157_c17_b54_v1.vcf.gz	chr17	54	81915342	82245876
ukb23157_c17_b55_v1.vcf.gz	chr17	55	82245877	83257441
ukb23157_c18_b0_v1.vcf.gz	chr18	0	158600	3253132
ukb23157_c18_b1_v1.vcf.gz	chr18	1	3253133	8624852
ukb23157_c18_b2_v1.vcf.gz	chr18	2	8624853	11888569
ukb23157_c18_b3_v1.vcf.gz	chr18	3	11888570	14748320
ukb23157_c18_b4_v1.vcf.gz	chr18	4	14748321	23547906
ukb23157_c18_b5_v1.vcf.gz	chr18	5	23547907	27988428
ukb23157_c18_b6_v1.vcf.gz	chr18	6	27988429	33293062
ukb23157_c18_b7_v1.vcf.gz	chr18	7	33293063	36800097
ukb23157_c18_b8_v1.vcf.gz	chr18	8	36800098	46505739
ukb23157_c18_b9_v1.vcf.gz	chr18	9	46505740	49826370
ukb23157_c18_b10_v1.vcf.gz	chr18	10	49826371	55254404
ukb23157_c18_b11_v1.vcf.gz	chr18	11	55254405	59268903
ukb23157_c18_b12_v1.vcf.gz	chr18	12	59268904	63782272
ukb23157_c18_b13_v1.vcf.gz	chr18	13	63782273	74516131
ukb23157_c18_b14_v1.vcf.gz	chr18	14	74516132	79433481
ukb23157_c18_b15_v1.vcf.gz	chr18	15	79433482	80373285
ukb23157_c19_b0_v1.vcf.gz	chr19	0	281291	731000
ukb23157_c19_b1_v1.vcf.gz	chr19	1	731001	1046701
ukb23157_c19_b2_v1.vcf.gz	chr19	2	1046702	1362153
ukb23157_c19_b3_v1.vcf.gz	chr19	3	1362154	1796615
ukb23157_c19_b4_v1.vcf.gz	chr19	4	1796616	2223180
ukb23157_c19_b5_v1.vcf.gz	chr19	5	2223181	2933389
ukb23157_c19_b6_v1.vcf.gz	chr19	6	2933390	3594735
ukb23157_c19_b7_v1.vcf.gz	chr19	7	3594736	4110409
ukb23157_c19_b8_v1.vcf.gz	chr19	8	4110410	4539882
ukb23157_c19_b9_v1.vcf.gz	chr19	9	4539883	5684680
ukb23157_c19_b10_v1.vcf.gz	chr19	10	5684681	6417638
ukb23157_c19_b11_v1.vcf.gz	chr19	11	6417639	7372711
ukb23157_c19_b12_v1.vcf.gz	chr19	12	7372712	7858091
ukb23157_c19_b13_v1.vcf.gz	chr19	13	7858092	8497663
ukb23157_c19_b14_v1.vcf.gz	chr19	14	8497664	8969680
ukb23157_c19_b15_v1.vcf.gz	chr19	15	8969681	10086329
ukb23157_c19_b16_v1.vcf.gz	chr19	16	10086330	10517298
ukb23157_c19_b17_v1.vcf.gz	chr19	17	10517299	11192731
ukb23157_c19_b18_v1.vcf.gz	chr19	18	11192732	11887824
ukb23157_c19_b19_v1.vcf.gz	chr19	19	11887825	12754451
ukb23157_c19_b20_v1.vcf.gz	chr19	20	12754452	13365216
ukb23157_c19_b21_v1.vcf.gz	chr19	21	13365217	14401286
ukb23157_c19_b22_v1.vcf.gz	chr19	22	14401287	15185156
ukb23157_c19_b23_v1.vcf.gz	chr19	23	15185157	16018705
ukb23157_c19_b24_v1.vcf.gz	chr19	24	16018706	16945448
ukb23157_c19_b25_v1.vcf.gz	chr19	25	16945449	17537276
ukb23157_c19_b26_v1.vcf.gz	chr19	26	17537277	18137144
ukb23157_c19_b27_v1.vcf.gz	chr19	27	18137145	18789841
ukb23157_c19_b28_v1.vcf.gz	chr19	28	18789842	19505251
ukb23157_c19_b29_v1.vcf.gz	chr19	29	19505252	21407469
ukb23157_c19_b30_v1.vcf.gz	chr19	30	21407470	30007371
ukb23157_c19_b31_v1.vcf.gz	chr19	31	30007372	33208797
ukb23157_c19_b32_v1.vcf.gz	chr19	32	33208798	35133943
ukb23157_c19_b33_v1.vcf.gz	chr19	33	35133944	35730244
ukb23157_c19_b34_v1.vcf.gz	chr19	34	35730245	36113355
ukb23157_c19_b35_v1.vcf.gz	chr19	35	36113356	37898066
ukb23157_c19_b36_v1.vcf.gz	chr19	36	37898067	38543248
ukb23157_c19_b37_v1.vcf.gz	chr19	37	38543249	39199069
ukb23157_c19_b38_v1.vcf.gz	chr19	38	39199070	39892810
ukb23157_c19_b39_v1.vcf.gz	chr19	39	39892811	40601272
ukb23157_c19_b40_v1.vcf.gz	chr19	40	40601273	41363338
ukb23157_c19_b41_v1.vcf.gz	chr19	41	41363339	42254882
ukb23157_c19_b42_v1.vcf.gz	chr19	42	42254883	43194073
ukb23157_c19_b43_v1.vcf.gz	chr19	43	43194074	44128981
ukb23157_c19_b44_v1.vcf.gz	chr19	44	44128982	45040114
ukb23157_c19_b45_v1.vcf.gz	chr19	45	45040115	45590678
ukb23157_c19_b46_v1.vcf.gz	chr19	46	45590679	46411093
ukb23157_c19_b47_v1.vcf.gz	chr19	47	46411094	47359750
ukb23157_c19_b48_v1.vcf.gz	chr19	48	47359751	48194552
ukb23157_c19_b49_v1.vcf.gz	chr19	49	48194553	48738860
ukb23157_c19_b50_v1.vcf.gz	chr19	50	48738861	49117754
ukb23157_c19_b51_v1.vcf.gz	chr19	51	49117755	49594353
ukb23157_c19_b52_v1.vcf.gz	chr19	52	49594354	49889569
ukb23157_c19_b53_v1.vcf.gz	chr19	53	49889570	50510187
ukb23157_c19_b54_v1.vcf.gz	chr19	54	50510188	51327632
ukb23157_c19_b55_v1.vcf.gz	chr19	55	51327633	52349077
ukb23157_c19_b56_v1.vcf.gz	chr19	56	52349078	53814809
ukb23157_c19_b57_v1.vcf.gz	chr19	57	53814810	54278711
ukb23157_c19_b58_v1.vcf.gz	chr19	58	54278712	54847086
ukb23157_c19_b59_v1.vcf.gz	chr19	59	54847087	55262272
ukb23157_c19_b60_v1.vcf.gz	chr19	60	55262273	55660938
ukb23157_c19_b61_v1.vcf.gz	chr19	61	55660939	56566982
ukb23157_c19_b62_v1.vcf.gz	chr19	62	56566983	57634528
ukb23157_c19_b63_v1.vcf.gz	chr19	63	57634529	58409052
ukb23157_c19_b64_v1.vcf.gz	chr19	64	58409053	58617616
ukb23157_c2_b0_v1.vcf.gz	chr2	0	41509	6861084
ukb23157_c2_b1_v1.vcf.gz	chr2	1	6861085	10444375
ukb23157_c2_b2_v1.vcf.gz	chr2	2	10444376	15591833
ukb23157_c2_b3_v1.vcf.gz	chr2	3	15591834	21018893
ukb23157_c2_b4_v1.vcf.gz	chr2	4	21018894	25151818
ukb23157_c2_b5_v1.vcf.gz	chr2	5	25151819	26572015
ukb23157_c2_b6_v1.vcf.gz	chr2	6	26572016	27327076
ukb23157_c2_b7_v1.vcf.gz	chr2	7	27327077	28538190
ukb23157_c2_b8_v1.vcf.gz	chr2	8	28538191	31193031
ukb23157_c2_b9_v1.vcf.gz	chr2	9	31193032	33262629
ukb23157_c2_b10_v1.vcf.gz	chr2	10	33262630	37316136
ukb23157_c2_b11_v1.vcf.gz	chr2	11	37316137	42053149
ukb23157_c2_b12_v1.vcf.gz	chr2	12	42053150	43905595
ukb23157_c2_b13_v1.vcf.gz	chr2	13	43905596	47073601
ukb23157_c2_b14_v1.vcf.gz	chr2	14	47073602	53794249
ukb23157_c2_b15_v1.vcf.gz	chr2	15	53794250	55291622
ukb23157_c2_b16_v1.vcf.gz	chr2	16	55291623	61117936
ukb23157_c2_b17_v1.vcf.gz	chr2	17	61117937	63968857
ukb23157_c2_b18_v1.vcf.gz	chr2	18	63968858	69396145
ukb23157_c2_b19_v1.vcf.gz	chr2	19	69396146	71109869
ukb23157_c2_b20_v1.vcf.gz	chr2	20	71109870	73291356
ukb23157_c2_b21_v1.vcf.gz	chr2	21	73291357	74455016
ukb23157_c2_b22_v1.vcf.gz	chr2	22	74455017	80302151
ukb23157_c2_b23_v1.vcf.gz	chr2	23	80302152	85667005
ukb23157_c2_b24_v1.vcf.gz	chr2	24	85667006	88027683
ukb23157_c2_b25_v1.vcf.gz	chr2	25	88027684	96123749
ukb23157_c2_b26_v1.vcf.gz	chr2	26	96123750	96864604
ukb23157_c2_b27_v1.vcf.gz	chr2	27	96864605	98543776
ukb23157_c2_b28_v1.vcf.gz	chr2	28	98543777	100975357
ukb23157_c2_b29_v1.vcf.gz	chr2	29	100975358	104855411
ukb23157_c2_b30_v1.vcf.gz	chr2	30	104855412	108752899
ukb23157_c2_b31_v1.vcf.gz	chr2	31	108752900	112009849
ukb23157_c2_b32_v1.vcf.gz	chr2	32	112009850	113640793
ukb23157_c2_b33_v1.vcf.gz	chr2	33	113640794	120160781
ukb23157_c2_b34_v1.vcf.gz	chr2	34	120160782	127523577
ukb23157_c2_b35_v1.vcf.gz	chr2	35	127523578	130153603
ukb23157_c2_b36_v1.vcf.gz	chr2	36	130153604	131751458
ukb23157_c2_b37_v1.vcf.gz	chr2	37	131751459	135821922
ukb23157_c2_b38_v1.vcf.gz	chr2	38	135821923	147943335
ukb23157_c2_b39_v1.vcf.gz	chr2	39	147943336	151630616
ukb23157_c2_b40_v1.vcf.gz	chr2	40	151630617	157995098
ukb23157_c2_b41_v1.vcf.gz	chr2	41	157995099	161136860
ukb23157_c2_b42_v1.vcf.gz	chr2	42	161136861	165164296
ukb23157_c2_b43_v1.vcf.gz	chr2	43	165164297	168901234
ukb23157_c2_b44_v1.vcf.gz	chr2	44	168901235	170381916
ukb23157_c2_b45_v1.vcf.gz	chr2	45	170381917	173209628
ukb23157_c2_b46_v1.vcf.gz	chr2	46	173209629	177264431
ukb23157_c2_b47_v1.vcf.gz	chr2	47	177264432	178595408
ukb23157_c2_b48_v1.vcf.gz	chr2	48	178595409	178768573
ukb23157_c2_b49_v1.vcf.gz	chr2	49	178768574	182957356
ukb23157_c2_b50_v1.vcf.gz	chr2	50	182957357	189058329
ukb23157_c2_b51_v1.vcf.gz	chr2	51	189058330	191360530
ukb23157_c2_b52_v1.vcf.gz	chr2	52	191360531	196993488
ukb23157_c2_b53_v1.vcf.gz	chr2	53	196993489	200895166
ukb23157_c2_b54_v1.vcf.gz	chr2	54	200895167	202125113
ukb23157_c2_b55_v1.vcf.gz	chr2	55	202125114	206004269
ukb23157_c2_b56_v1.vcf.gz	chr2	56	206004270	208406945
ukb23157_c2_b57_v1.vcf.gz	chr2	57	208406946	214013856
ukb23157_c2_b58_v1.vcf.gz	chr2	58	214013857	217858392
ukb23157_c2_b59_v1.vcf.gz	chr2	59	217858393	218745590
ukb23157_c2_b60_v1.vcf.gz	chr2	60	218745591	219299602
ukb23157_c2_b61_v1.vcf.gz	chr2	61	219299603	219638066
ukb23157_c2_b62_v1.vcf.gz	chr2	62	219638067	227007226
ukb23157_c2_b63_v1.vcf.gz	chr2	63	227007227	230171597
ukb23157_c2_b64_v1.vcf.gz	chr2	64	230171598	232333740
ukb23157_c2_b65_v1.vcf.gz	chr2	65	232333741	233346306
ukb23157_c2_b66_v1.vcf.gz	chr2	66	233346307	236123820
ukb23157_c2_b67_v1.vcf.gz	chr2	67	236123821	238151846
ukb23157_c2_b68_v1.vcf.gz	chr2	68	238151847	240676516
ukb23157_c2_b69_v1.vcf.gz	chr2	69	240676517	241229501
ukb23157_c2_b70_v1.vcf.gz	chr2	70	241229502	242193529
ukb23157_c20_b0_v1.vcf.gz	chr20	0	87615	2116567
ukb23157_c20_b1_v1.vcf.gz	chr20	1	2116568	3233823
ukb23157_c20_b2_v1.vcf.gz	chr20	2	3233824	4784172
ukb23157_c20_b3_v1.vcf.gz	chr20	3	4784173	10045477
ukb23157_c20_b4_v1.vcf.gz	chr20	4	10045478	17625411
ukb23157_c20_b5_v1.vcf.gz	chr20	5	17625412	20393005
ukb23157_c20_b6_v1.vcf.gz	chr20	6	20393006	25195764
ukb23157_c20_b7_v1.vcf.gz	chr20	7	25195765	31919765
ukb23157_c20_b8_v1.vcf.gz	chr20	8	31919766	33059282
ukb23157_c20_b9_v1.vcf.gz	chr20	9	33059283	34727172
ukb23157_c20_b10_v1.vcf.gz	chr20	10	34727173	35617419
ukb23157_c20_b11_v1.vcf.gz	chr20	11	35617420	37007314
ukb23157_c20_b12_v1.vcf.gz	chr20	12	37007315	38641625
ukb23157_c20_b13_v1.vcf.gz	chr20	13	38641626	43534727
ukb23157_c20_b14_v1.vcf.gz	chr20	14	43534728	45305411
ukb23157_c20_b15_v1.vcf.gz	chr20	15	45305412	46035676
ukb23157_c20_b16_v1.vcf.gz	chr20	16	46035677	48659821
ukb23157_c20_b17_v1.vcf.gz	chr20	17	48659822	50751143
ukb23157_c20_b18_v1.vcf.gz	chr20	18	50751144	56633257
ukb23157_c20_b19_v1.vcf.gz	chr20	19	56633258	59195694
ukb23157_c20_b20_v1.vcf.gz	chr20	20	59195695	62314204
ukb23157_c20_b21_v1.vcf.gz	chr20	21	62314205	62891888
ukb23157_c20_b22_v1.vcf.gz	chr20	22	62891889	63566744
ukb23157_c20_b23_v1.vcf.gz	chr20	23	63566745	64069261
ukb23157_c20_b24_v1.vcf.gz	chr20	24	64069262	64444167
ukb23157_c21_b0_v1.vcf.gz	chr21	0	10413567	25911649
ukb23157_c21_b1_v1.vcf.gz	chr21	1	25911650	31265909
ukb23157_c21_b2_v1.vcf.gz	chr21	2	31265910	33520265
ukb23157_c21_b3_v1.vcf.gz	chr21	3	33520266	36238504
ukb23157_c21_b4_v1.vcf.gz	chr21	4	36238505	39198666
ukb23157_c21_b5_v1.vcf.gz	chr21	5	39198667	41867200
ukb23157_c21_b6_v1.vcf.gz	chr21	6	41867201	43669783
ukb23157_c21_b7_v1.vcf.gz	chr21	7	43669784	44528354
ukb23157_c21_b8_v1.vcf.gz	chr21	8	44528355	45531288
ukb23157_c21_b9_v1.vcf.gz	chr21	9	45531289	46356880
ukb23157_c21_b10_v1.vcf.gz	chr21	10	46356881	46709983
ukb23157_c22_b0_v1.vcf.gz	chr22	0	15528067	18169747
ukb23157_c22_b1_v1.vcf.gz	chr22	1	18169748	19849548
ukb23157_c22_b2_v1.vcf.gz	chr22	2	19849549	20564349
ukb23157_c22_b3_v1.vcf.gz	chr22	3	20564350	21798912
ukb23157_c22_b4_v1.vcf.gz	chr22	4	21798913	23972912
ukb23157_c22_b5_v1.vcf.gz	chr22	5	23972913	25564941
ukb23157_c22_b6_v1.vcf.gz	chr22	6	25564942	28796977
ukb23157_c22_b7_v1.vcf.gz	chr22	7	28796978	30021928
ukb23157_c22_b8_v1.vcf.gz	chr22	8	30021929	31100789
ukb23157_c22_b9_v1.vcf.gz	chr22	9	31100790	32091511
ukb23157_c22_b10_v1.vcf.gz	chr22	10	32091512	36282567
ukb23157_c22_b11_v1.vcf.gz	chr22	11	36282568	37502504
ukb23157_c22_b12_v1.vcf.gz	chr22	12	37502505	38088647
ukb23157_c22_b13_v1.vcf.gz	chr22	13	38088648	39043984
ukb23157_c22_b14_v1.vcf.gz	chr22	14	39043985	40411290
ukb23157_c22_b15_v1.vcf.gz	chr22	15	40411291	41603158
ukb23157_c22_b16_v1.vcf.gz	chr22	16	41603159	42644467
ukb23157_c22_b17_v1.vcf.gz	chr22	17	42644468	44187678
ukb23157_c22_b18_v1.vcf.gz	chr22	18	44187679	46267941
ukb23157_c22_b19_v1.vcf.gz	chr22	19	46267942	49920057
ukb23157_c22_b20_v1.vcf.gz	chr22	20	49920058	50284480
ukb23157_c22_b21_v1.vcf.gz	chr22	21	50284481	50606557
ukb23157_c22_b22_v1.vcf.gz	chr22	22	50606558	50818468
ukb23157_c3_b0_v1.vcf.gz	chr3	0	319682	7452507
ukb23157_c3_b1_v1.vcf.gz	chr3	1	7452508	9838935
ukb23157_c3_b2_v1.vcf.gz	chr3	2	9838936	11298595
ukb23157_c3_b3_v1.vcf.gz	chr3	3	11298596	13391115
ukb23157_c3_b4_v1.vcf.gz	chr3	4	13391116	15255985
ukb23157_c3_b5_v1.vcf.gz	chr3	5	15255986	19936045
ukb23157_c3_b6_v1.vcf.gz	chr3	6	19936046	27483966
ukb23157_c3_b7_v1.vcf.gz	chr3	7	27483967	33277412
ukb23157_c3_b8_v1.vcf.gz	chr3	8	33277413	37355002
ukb23157_c3_b9_v1.vcf.gz	chr3	9	37355003	38608053
ukb23157_c3_b10_v1.vcf.gz	chr3	10	38608054	41237924
ukb23157_c3_b11_v1.vcf.gz	chr3	11	41237925	43303103
ukb23157_c3_b12_v1.vcf.gz	chr3	12	43303104	45500341
ukb23157_c3_b13_v1.vcf.gz	chr3	13	45500342	46996177
ukb23157_c3_b14_v1.vcf.gz	chr3	14	46996178	47914718
ukb23157_c3_b15_v1.vcf.gz	chr3	15	47914719	48628314
ukb23157_c3_b16_v1.vcf.gz	chr3	16	48628315	49131281
ukb23157_c3_b17_v1.vcf.gz	chr3	17	49131282	49812308
ukb23157_c3_b18_v1.vcf.gz	chr3	18	49812309	50377908
ukb23157_c3_b19_v1.vcf.gz	chr3	19	50377909	52075786
ukb23157_c3_b20_v1.vcf.gz	chr3	20	52075787	52508172
ukb23157_c3_b21_v1.vcf.gz	chr3	21	52508173	53125809
ukb23157_c3_b22_v1.vcf.gz	chr3	22	53125810	56682578
ukb23157_c3_b23_v1.vcf.gz	chr3	23	56682579	58270833
ukb23157_c3_b24_v1.vcf.gz	chr3	24	58270834	64141706
ukb23157_c3_b25_v1.vcf.gz	chr3	25	64141707	69196800
ukb23157_c3_b26_v1.vcf.gz	chr3	26	69196801	78667782
ukb23157_c3_b27_v1.vcf.gz	chr3	27	78667783	98132597
ukb23157_c3_b28_v1.vcf.gz	chr3	28	98132598	100864735
ukb23157_c3_b29_v1.vcf.gz	chr3	29	100864736	108484991
ukb23157_c3_b30_v1.vcf.gz	chr3	30	108484992	112335843
ukb23157_c3_b31_v1.vcf.gz	chr3	31	112335844	114005415
ukb23157_c3_b32_v1.vcf.gz	chr3	32	114005416	120647777
ukb23157_c3_b33_v1.vcf.gz	chr3	33	120647778	122536838
ukb23157_c3_b34_v1.vcf.gz	chr3	34	122536839	124434210
ukb23157_c3_b35_v1.vcf.gz	chr3	35	124434211	126457156
ukb23157_c3_b36_v1.vcf.gz	chr3	36	126457157	128625438
ukb23157_c3_b37_v1.vcf.gz	chr3	37	128625439	130093002
ukb23157_c3_b38_v1.vcf.gz	chr3	38	130093003	132505206
ukb23157_c3_b39_v1.vcf.gz	chr3	39	132505207	134624955
ukb23157_c3_b40_v1.vcf.gz	chr3	40	134624956	138632829
ukb23157_c3_b41_v1.vcf.gz	chr3	41	138632830	142417039
ukb23157_c3_b42_v1.vcf.gz	chr3	42	142417040	148991540
ukb23157_c3_b43_v1.vcf.gz	chr3	43	148991541	151444820
ukb23157_c3_b44_v1.vcf.gz	chr3	44	151444821	157286457
ukb23157_c3_b45_v1.vcf.gz	chr3	45	157286458	161496719
ukb23157_c3_b46_v1.vcf.gz	chr3	46	161496720	170136320
ukb23157_c3_b47_v1.vcf.gz	chr3	47	170136321	179198725
ukb23157_c3_b48_v1.vcf.gz	chr3	48	179198726	183123987
ukb23157_c3_b49_v1.vcf.gz	chr3	49	183123988	184240690
ukb23157_c3_b50_v1.vcf.gz	chr3	50	184240691	185491439
ukb23157_c3_b51_v1.vcf.gz	chr3	51	185491440	187285725
ukb23157_c3_b52_v1.vcf.gz	chr3	52	187285726	193656979
ukb23157_c3_b53_v1.vcf.gz	chr3	53	193656980	195811636
ukb23157_c3_b54_v1.vcf.gz	chr3	54	195811637	197674921
ukb23157_c3_b55_v1.vcf.gz	chr3	55	197674922	198295559
ukb23157_c4_b0_v1.vcf.gz	chr4	0	53416	968185
ukb23157_c4_b1_v1.vcf.gz	chr4	1	968186	1815566
ukb23157_c4_b2_v1.vcf.gz	chr4	2	1815567	2827132
ukb23157_c4_b3_v1.vcf.gz	chr4	3	2827133	3512874
ukb23157_c4_b4_v1.vcf.gz	chr4	4	3512875	6323201
ukb23157_c4_b5_v1.vcf.gz	chr4	5	6323202	8231875
ukb23157_c4_b6_v1.vcf.gz	chr4	6	8231876	13590287
ukb23157_c4_b7_v1.vcf.gz	chr4	7	13590288	17803391
ukb23157_c4_b8_v1.vcf.gz	chr4	8	17803392	25361761
ukb23157_c4_b9_v1.vcf.gz	chr4	9	25361762	38054098
ukb23157_c4_b10_v1.vcf.gz	chr4	10	38054099	40790501
ukb23157_c4_b11_v1.vcf.gz	chr4	11	40790502	47452962
ukb23157_c4_b12_v1.vcf.gz	chr4	12	47452963	51997647
ukb23157_c4_b13_v1.vcf.gz	chr4	13	51997648	55971171
ukb23157_c4_b14_v1.vcf.gz	chr4	14	55971172	67518054
ukb23157_c4_b15_v1.vcf.gz	chr4	15	67518055	70202173
ukb23157_c4_b16_v1.vcf.gz	chr4	16	70202174	73409255
ukb23157_c4_b17_v1.vcf.gz	chr4	17	73409256	76081728
ukb23157_c4_b18_v1.vcf.gz	chr4	18	76081729	78554379
ukb23157_c4_b19_v1.vcf.gz	chr4	19	78554380	83295243
ukb23157_c4_b20_v1.vcf.gz	chr4	20	83295244	87125999
ukb23157_c4_b21_v1.vcf.gz	chr4	21	87126000	89247680
ukb23157_c4_b22_v1.vcf.gz	chr4	22	89247681	99307741
ukb23157_c4_b23_v1.vcf.gz	chr4	23	99307742	103091076
ukb23157_c4_b24_v1.vcf.gz	chr4	24	103091077	108167462
ukb23157_c4_b25_v1.vcf.gz	chr4	25	108167463	112619901
ukb23157_c4_b26_v1.vcf.gz	chr4	26	112619902	119300236
ukb23157_c4_b27_v1.vcf.gz	chr4	27	119300237	122247535
ukb23157_c4_b28_v1.vcf.gz	chr4	28	122247536	127783423
ukb23157_c4_b29_v1.vcf.gz	chr4	29	127783424	140152763
ukb23157_c4_b30_v1.vcf.gz	chr4	30	140152764	145514514
ukb23157_c4_b31_v1.vcf.gz	chr4	31	145514515	151121992
ukb23157_c4_b32_v1.vcf.gz	chr4	32	151121993	154539016
ukb23157_c4_b33_v1.vcf.gz	chr4	33	154539017	158915072
ukb23157_c4_b34_v1.vcf.gz	chr4	34	158915073	168419201
ukb23157_c4_b35_v1.vcf.gz	chr4	35	168419202	176002210
ukb23157_c4_b36_v1.vcf.gz	chr4	36	176002211	184678132
ukb23157_c4_b37_v1.vcf.gz	chr4	37	184678133	186163322
ukb23157_c4_b38_v1.vcf.gz	chr4	38	186163323	190214555
ukb23157_c5_b0_v1.vcf.gz	chr5	0	140208	1034136
ukb23157_c5_b1_v1.vcf.gz	chr5	1	1034137	5466234
ukb23157_c5_b2_v1.vcf.gz	chr5	2	5466235	13716388
ukb23157_c5_b3_v1.vcf.gz	chr5	3	13716389	16762444
ukb23157_c5_b4_v1.vcf.gz	chr5	4	16762445	33457156
ukb23157_c5_b5_v1.vcf.gz	chr5	5	33457157	36171507
ukb23157_c5_b6_v1.vcf.gz	chr5	6	36171508	38511690
ukb23157_c5_b7_v1.vcf.gz	chr5	7	38511691	41862548
ukb23157_c5_b8_v1.vcf.gz	chr5	8	41862549	53086851
ukb23157_c5_b9_v1.vcf.gz	chr5	9	53086852	56909545
ukb23157_c5_b10_v1.vcf.gz	chr5	10	56909546	65172731
ukb23157_c5_b11_v1.vcf.gz	chr5	11	65172732	69262106
ukb23157_c5_b12_v1.vcf.gz	chr5	12	69262107	73498568
ukb23157_c5_b13_v1.vcf.gz	chr5	13	73498569	76606081
ukb23157_c5_b14_v1.vcf.gz	chr5	14	76606082	79743730
ukb23157_c5_b15_v1.vcf.gz	chr5	15	79743731	83545437
ukb23157_c5_b16_v1.vcf.gz	chr5	16	83545438	90863665
ukb23157_c5_b17_v1.vcf.gz	chr5	17	90863666	96765952
ukb23157_c5_b18_v1.vcf.gz	chr5	18	96765953	108020824
ukb23157_c5_b19_v1.vcf.gz	chr5	19	108020825	113000991
ukb23157_c5_b20_v1.vcf.gz	chr5	20	113000992	119148642
ukb23157_c5_b21_v1.vcf.gz	chr5	21	119148643	126560982
ukb23157_c5_b22_v1.vcf.gz	chr5	22	126560983	131446382
ukb23157_c5_b23_v1.vcf.gz	chr5	23	131446383	132902345
ukb23157_c5_b24_v1.vcf.gz	chr5	24	132902346	135834748
ukb23157_c5_b25_v1.vcf.gz	chr5	25	135834749	138415032
ukb23157_c5_b26_v1.vcf.gz	chr5	26	138415033	140371351
ukb23157_c5_b27_v1.vcf.gz	chr5	27	140371352	140875232
ukb23157_c5_b28_v1.vcf.gz	chr5	28	140875233	141359994
ukb23157_c5_b29_v1.vcf.gz	chr5	29	141359995	141868402
ukb23157_c5_b30_v1.vcf.gz	chr5	30	141868403	146589849
ukb23157_c5_b31_v1.vcf.gz	chr5	31	146589850	149500917
ukb23157_c5_b32_v1.vcf.gz	chr5	32	149500918	150527705
ukb23157_c5_b33_v1.vcf.gz	chr5	33	150527706	151800119
ukb23157_c5_b34_v1.vcf.gz	chr5	34	151800120	157389091
ukb23157_c5_b35_v1.vcf.gz	chr5	35	157389092	161330784
ukb23157_c5_b36_v1.vcf.gz	chr5	36	161330785	170050156
ukb23157_c5_b37_v1.vcf.gz	chr5	37	170050157	173232470
ukb23157_c5_b38_v1.vcf.gz	chr5	38	173232471	176888231
ukb23157_c5_b39_v1.vcf.gz	chr5	39	176888232	177531187
ukb23157_c5_b40_v1.vcf.gz	chr5	40	177531188	179601792
ukb23157_c5_b41_v1.vcf.gz	chr5	41	179601793	180628788
ukb23157_c5_b42_v1.vcf.gz	chr5	42	180628789	181538259
ukb23157_c6_b0_v1.vcf.gz	chr6	0	292440	3723518
ukb23157_c6_b1_v1.vcf.gz	chr6	1	3723519	7845040
ukb23157_c6_b2_v1.vcf.gz	chr6	2	7845041	13160106
ukb23157_c6_b3_v1.vcf.gz	chr6	3	13160107	17778846
ukb23157_c6_b4_v1.vcf.gz	chr6	4	17778847	24710442
ukb23157_c6_b5_v1.vcf.gz	chr6	5	24710443	26216162
ukb23157_c6_b6_v1.vcf.gz	chr6	6	26216163	28286983
ukb23157_c6_b7_v1.vcf.gz	chr6	7	28286984	30492303
ukb23157_c6_b8_v1.vcf.gz	chr6	8	30492304	31032096
ukb23157_c6_b9_v1.vcf.gz	chr6	9	31032097	31727139
ukb23157_c6_b10_v1.vcf.gz	chr6	10	31727140	32041249
ukb23157_c6_b11_v1.vcf.gz	chr6	11	32041250	32761563
ukb23157_c6_b12_v1.vcf.gz	chr6	12	32761564	33322762
ukb23157_c6_b13_v1.vcf.gz	chr6	13	33322763	34872214
ukb23157_c6_b14_v1.vcf.gz	chr6	14	34872215	36131170
ukb23157_c6_b15_v1.vcf.gz	chr6	15	36131171	37479912
ukb23157_c6_b16_v1.vcf.gz	chr6	16	37479913	39913219
ukb23157_c6_b17_v1.vcf.gz	chr6	17	39913220	42259238
ukb23157_c6_b18_v1.vcf.gz	chr6	18	42259239	43199166
ukb23157_c6_b19_v1.vcf.gz	chr6	19	43199167	43771885
ukb23157_c6_b20_v1.vcf.gz	chr6	20	43771886	46668614
ukb23157_c6_b21_v1.vcf.gz	chr6	21	46668615	49835224
ukb23157_c6_b22_v1.vcf.gz	chr6	22	49835225	53499949
ukb23157_c6_b23_v1.vcf.gz	chr6	23	53499950	56634360
ukb23157_c6_b24_v1.vcf.gz	chr6	24	56634361	69338816
ukb23157_c6_b25_v1.vcf.gz	chr6	25	69338817	73404589
ukb23157_c6_b26_v1.vcf.gz	chr6	26	73404590	78902892
ukb23157_c6_b27_v1.vcf.gz	chr6	27	78902893	83678684
ukb23157_c6_b28_v1.vcf.gz	chr6	28	83678685	88891707
ukb23157_c6_b29_v1.vcf.gz	chr6	29	88891708	95604731
ukb23157_c6_b30_v1.vcf.gz	chr6	30	95604732	104729563
ukb23157_c6_b31_v1.vcf.gz	chr6	31	104729564	108961917
ukb23157_c6_b32_v1.vcf.gz	chr6	32	108961918	110962291
ukb23157_c6_b33_v1.vcf.gz	chr6	33	110962292	116622668
ukb23157_c6_b34_v1.vcf.gz	chr6	34	116622669	121112405
ukb23157_c6_b35_v1.vcf.gz	chr6	35	121112406	127577085
ukb23157_c6_b36_v1.vcf.gz	chr6	36	127577086	131618306
ukb23157_c6_b37_v1.vcf.gz	chr6	37	131618307	135185804
ukb23157_c6_b38_v1.vcf.gz	chr6	38	135185805	138405045
ukb23157_c6_b39_v1.vcf.gz	chr6	39	138405046	144435837
ukb23157_c6_b40_v1.vcf.gz	chr6	40	144435838	148886887
ukb23157_c6_b41_v1.vcf.gz	chr6	41	148886888	151433060
ukb23157_c6_b42_v1.vcf.gz	chr6	42	151433061	154414200
ukb23157_c6_b43_v1.vcf.gz	chr6	43	154414201	158580839
ukb23157_c6_b44_v1.vcf.gz	chr6	44	158580840	160136453
ukb23157_c6_b45_v1.vcf.gz	chr6	45	160136454	166469740
ukb23157_c6_b46_v1.vcf.gz	chr6	46	166469741	169634329
ukb23157_c6_b47_v1.vcf.gz	chr6	47	169634330	170805979
ukb23157_c7_b0_v1.vcf.gz	chr7	0	193100	1477449
ukb23157_c7_b1_v1.vcf.gz	chr7	1	1477450	2609946
ukb23157_c7_b2_v1.vcf.gz	chr7	2	2609947	4817139
ukb23157_c7_b3_v1.vcf.gz	chr7	3	4817140	5991872
ukb23157_c7_b4_v1.vcf.gz	chr7	4	5991873	6825983
ukb23157_c7_b5_v1.vcf.gz	chr7	5	6825984	14176171
ukb23157_c7_b6_v1.vcf.gz	chr7	6	14176172	20647207
ukb23157_c7_b7_v1.vcf.gz	chr7	7	20647208	23187933
ukb23157_c7_b8_v1.vcf.gz	chr7	8	23187934	27152189
ukb23157_c7_b9_v1.vcf.gz	chr7	9	27152190	30686288
ukb23157_c7_b10_v1.vcf.gz	chr7	10	30686289	34969336
ukb23157_c7_b11_v1.vcf.gz	chr7	11	34969337	40088029
ukb23157_c7_b12_v1.vcf.gz	chr7	12	40088030	44232722
ukb23157_c7_b13_v1.vcf.gz	chr7	13	44232723	47302085
ukb23157_c7_b14_v1.vcf.gz	chr7	14	47302086	50476523
ukb23157_c7_b15_v1.vcf.gz	chr7	15	50476524	57126494
ukb23157_c7_b16_v1.vcf.gz	chr7	16	57126495	71677112
ukb23157_c7_b17_v1.vcf.gz	chr7	17	71677113	74068556
ukb23157_c7_b18_v1.vcf.gz	chr7	18	74068557	75813545
ukb23157_c7_b19_v1.vcf.gz	chr7	19	75813546	77929010
ukb23157_c7_b20_v1.vcf.gz	chr7	20	77929011	85081417
ukb23157_c7_b21_v1.vcf.gz	chr7	21	85081418	90245326
ukb23157_c7_b22_v1.vcf.gz	chr7	22	90245327	93131117
ukb23157_c7_b23_v1.vcf.gz	chr7	23	93131118	96483770
ukb23157_c7_b24_v1.vcf.gz	chr7	24	96483771	99348753
ukb23157_c7_b25_v1.vcf.gz	chr7	25	99348754	100097202
ukb23157_c7_b26_v1.vcf.gz	chr7	26	100097203	100591566
ukb23157_c7_b27_v1.vcf.gz	chr7	27	100591567	100963050
ukb23157_c7_b28_v1.vcf.gz	chr7	28	100963051	101244859
ukb23157_c7_b29_v1.vcf.gz	chr7	29	101244860	102757759
ukb23157_c7_b30_v1.vcf.gz	chr7	30	102757760	105459067
ukb23157_c7_b31_v1.vcf.gz	chr7	31	105459068	107932080
ukb23157_c7_b32_v1.vcf.gz	chr7	32	107932081	114659258
ukb23157_c7_b33_v1.vcf.gz	chr7	33	114659259	121928058
ukb23157_c7_b34_v1.vcf.gz	chr7	34	121928059	127611436
ukb23157_c7_b35_v1.vcf.gz	chr7	35	127611437	128906180
ukb23157_c7_b36_v1.vcf.gz	chr7	36	128906181	131504210
ukb23157_c7_b37_v1.vcf.gz	chr7	37	131504211	135604240
ukb23157_c7_b38_v1.vcf.gz	chr7	38	135604241	139083680
ukb23157_c7_b39_v1.vcf.gz	chr7	39	139083681	140787450
ukb23157_c7_b40_v1.vcf.gz	chr7	40	140787451	143183329
ukb23157_c7_b41_v1.vcf.gz	chr7	41	143183330	147903474
ukb23157_c7_b42_v1.vcf.gz	chr7	42	147903475	149805314
ukb23157_c7_b43_v1.vcf.gz	chr7	43	149805315	151021087
ukb23157_c7_b44_v1.vcf.gz	chr7	44	151021088	151786371
ukb23157_c7_b45_v1.vcf.gz	chr7	45	151786372	156728546
ukb23157_c7_b46_v1.vcf.gz	chr7	46	156728547	159345973
ukb23157_c8_b0_v1.vcf.gz	chr8	0	165998	3110063
ukb23157_c8_b1_v1.vcf.gz	chr8	1	3110064	8381317
ukb23157_c8_b2_v1.vcf.gz	chr8	2	8381318	11694349
ukb23157_c8_b3_v1.vcf.gz	chr8	3	11694350	16168363
ukb23157_c8_b4_v1.vcf.gz	chr8	4	16168364	18399903
ukb23157_c8_b5_v1.vcf.gz	chr8	5	18399904	22108036
ukb23157_c8_b6_v1.vcf.gz	chr8	6	22108037	22692690
ukb23157_c8_b7_v1.vcf.gz	chr8	7	22692691	25296412
ukb23157_c8_b8_v1.vcf.gz	chr8	8	25296413	27656688
ukb23157_c8_b9_v1.vcf.gz	chr8	9	27656689	30179307
ukb23157_c8_b10_v1.vcf.gz	chr8	10	30179308	37737808
ukb23157_c8_b11_v1.vcf.gz	chr8	11	37737809	38991233
ukb23157_c8_b12_v1.vcf.gz	chr8	12	38991234	42191276
ukb23157_c8_b13_v1.vcf.gz	chr8	13	42191277	47881814
ukb23157_c8_b14_v1.vcf.gz	chr8	14	47881815	54469872
ukb23157_c8_b15_v1.vcf.gz	chr8	15	54469873	61454040
ukb23157_c8_b16_v1.vcf.gz	chr8	16	61454041	67115817
ukb23157_c8_b17_v1.vcf.gz	chr8	17	67115818	72053652
ukb23157_c8_b18_v1.vcf.gz	chr8	18	72053653	80064377
ukb23157_c8_b19_v1.vcf.gz	chr8	19	80064378	86904980
ukb23157_c8_b20_v1.vcf.gz	chr8	20	86904981	94372069
ukb23157_c8_b21_v1.vcf.gz	chr8	21	94372070	98129885
ukb23157_c8_b22_v1.vcf.gz	chr8	22	98129886	100953169
ukb23157_c8_b23_v1.vcf.gz	chr8	23	100953170	106684146
ukb23157_c8_b24_v1.vcf.gz	chr8	24	106684147	112921530
ukb23157_c8_b25_v1.vcf.gz	chr8	25	112921531	120509835
ukb23157_c8_b26_v1.vcf.gz	chr8	26	120509836	124558631
ukb23157_c8_b27_v1.vcf.gz	chr8	27	124558632	132803718
ukb23157_c8_b28_v1.vcf.gz	chr8	28	132803719	139702611
ukb23157_c8_b29_v1.vcf.gz	chr8	29	139702612	142475375
ukb23157_c8_b30_v1.vcf.gz	chr8	30	142475376	143475298
ukb23157_c8_b31_v1.vcf.gz	chr8	31	143475299	143840607
ukb23157_c8_b32_v1.vcf.gz	chr8	32	143840608	144174746
ukb23157_c8_b33_v1.vcf.gz	chr8	33	144174747	144474137
ukb23157_c8_b34_v1.vcf.gz	chr8	34	144474138	145138636
ukb23157_c9_b0_v1.vcf.gz	chr9	0	14708	2804230
ukb23157_c9_b1_v1.vcf.gz	chr9	1	2804231	5811018
ukb23157_c9_b2_v1.vcf.gz	chr9	2	5811019	13125116
ukb23157_c9_b3_v1.vcf.gz	chr9	3	13125117	17143187
ukb23157_c9_b4_v1.vcf.gz	chr9	4	17143188	20769935
ukb23157_c9_b5_v1.vcf.gz	chr9	5	20769936	27206484
ukb23157_c9_b6_v1.vcf.gz	chr9	6	27206485	33568578
ukb23157_c9_b7_v1.vcf.gz	chr9	7	33568579	35078043
ukb23157_c9_b8_v1.vcf.gz	chr9	8	35078044	35800969
ukb23157_c9_b9_v1.vcf.gz	chr9	9	35800970	37784620
ukb23157_c9_b10_v1.vcf.gz	chr9	10	37784621	66986399
ukb23157_c9_b11_v1.vcf.gz	chr9	11	66986400	70387677
ukb23157_c9_b12_v1.vcf.gz	chr9	12	70387678	76233359
ukb23157_c9_b13_v1.vcf.gz	chr9	13	76233360	82982578
ukb23157_c9_b14_v1.vcf.gz	chr9	14	82982579	86033184
ukb23157_c9_b15_v1.vcf.gz	chr9	15	86033185	89417960
ukb23157_c9_b16_v1.vcf.gz	chr9	16	89417961	93134042
ukb23157_c9_b17_v1.vcf.gz	chr9	17	93134043	95494161
ukb23157_c9_b18_v1.vcf.gz	chr9	18	95494162	97900606
ukb23157_c9_b19_v1.vcf.gz	chr9	19	97900607	100345981
ukb23157_c9_b20_v1.vcf.gz	chr9	20	100345982	105395399
ukb23157_c9_b21_v1.vcf.gz	chr9	21	105395400	109457073
ukb23157_c9_b22_v1.vcf.gz	chr9	22	109457074	112111558
ukb23157_c9_b23_v1.vcf.gz	chr9	23	112111559	114072832
ukb23157_c9_b24_v1.vcf.gz	chr9	24	114072833	116686598
ukb23157_c9_b25_v1.vcf.gz	chr9	25	116686599	121331287
ukb23157_c9_b26_v1.vcf.gz	chr9	26	121331288	123365816
ukb23157_c9_b27_v1.vcf.gz	chr9	27	123365817	126335105
ukb23157_c9_b28_v1.vcf.gz	chr9	28	126335106	127787418
ukb23157_c9_b29_v1.vcf.gz	chr9	29	127787419	128360236
ukb23157_c9_b30_v1.vcf.gz	chr9	30	128360237	128936347
ukb23157_c9_b31_v1.vcf.gz	chr9	31	128936348	130200499
ukb23157_c9_b32_v1.vcf.gz	chr9	32	130200500	131163771
ukb23157_c9_b33_v1.vcf.gz	chr9	33	131163772	132670500
ukb23157_c9_b34_v1.vcf.gz	chr9	34	132670501	133404688
ukb23157_c9_b35_v1.vcf.gz	chr9	35	133404689	134701070
ukb23157_c9_b36_v1.vcf.gz	chr9	36	134701071	135823851
ukb23157_c9_b37_v1.vcf.gz	chr9	37	135823852	136457343
ukb23157_c9_b38_v1.vcf.gz	chr9	38	136457344	136859789
ukb23157_c9_b39_v1.vcf.gz	chr9	39	136859790	137158279
ukb23157_c9_b40_v1.vcf.gz	chr9	40	137158280	137463314
ukb23157_c9_b41_v1.vcf.gz	chr9	41	137463315	138394717
ukb23157_cX_b0_v1.vcf.gz	chrX	0	334222	7252153
ukb23157_cX_b1_v1.vcf.gz	chrX	1	7252154	13663658
ukb23157_cX_b2_v1.vcf.gz	chrX	2	13663659	18177472
ukb23157_cX_b3_v1.vcf.gz	chrX	3	18177473	21976960
ukb23157_cX_b4_v1.vcf.gz	chrX	4	21976961	32411654
ukb23157_cX_b5_v1.vcf.gz	chrX	5	32411655	41128899
ukb23157_cX_b6_v1.vcf.gz	chrX	6	41128900	47447333
ukb23157_cX_b7_v1.vcf.gz	chrX	7	47447334	49063762
ukb23157_cX_b8_v1.vcf.gz	chrX	8	49063763	51901453
ukb23157_cX_b9_v1.vcf.gz	chrX	9	51901454	54798301
ukb23157_cX_b10_v1.vcf.gz	chrX	10	54798302	66263546
ukb23157_cX_b11_v1.vcf.gz	chrX	11	66263547	71164051
ukb23157_cX_b12_v1.vcf.gz	chrX	12	71164052	76176780
ukb23157_cX_b13_v1.vcf.gz	chrX	13	76176781	87632116
ukb23157_cX_b14_v1.vcf.gz	chrX	14	87632117	101894354
ukb23157_cX_b15_v1.vcf.gz	chrX	15	101894355	107603469
ukb23157_cX_b16_v1.vcf.gz	chrX	16	107603470	112782439
ukb23157_cX_b17_v1.vcf.gz	chrX	17	112782440	120077524
ukb23157_cX_b18_v1.vcf.gz	chrX	18	120077525	129806273
ukb23157_cX_b19_v1.vcf.gz	chrX	19	129806274	135556074
ukb23157_cX_b20_v1.vcf.gz	chrX	20	135556075	141904974
ukb23157_cX_b21_v1.vcf.gz	chrX	21	141904975	152168662
ukb23157_cX_b22_v1.vcf.gz	chrX	22	152168663	153788226
ukb23157_cX_b23_v1.vcf.gz	chrX	23	153788227	156040895
ukb23157_cY_b0_v1.vcf.gz	chrY	0	2786896	57227415
